type,path,first_seen_in_category
"category","/products-categories/gold/","gold"
"category","/products-categories/gold-bars/","gold-bars"
"product","/products/valcambi-green-gold-1oz-bar/","gold-bars"
"product","/products/merrion-gold-1oz-bar/","gold-bars"
"product","/products/scottish-bullion-1oz-bar/","gold-bars"
"product","/products/dublin-assay-office-1oz-bar/","gold-bars"
"product","/products/valcambi-1oz-gold-bullion-bar/","gold-bars"
"product","/products/pamp-suisse-1oz-gold-bullion-bar/","gold-bars"
"product","/products/umicore-1oz-gold-bullion-bar/","gold-bars"
"product","/products/gold-bar-1oz/","gold-bars"
"product","/products/rcm-royal-canadian-mint-1oz-gold-bullion-bar/","gold-bars"
"product","/products/republic-metals-corporation-1oz-gold-bar/","gold-bars"
"product","/products/50-gram-combi-bar/","gold-bars"
"product","/products/50-gram-gold-bullion-bar/","gold-bars"
"product","/products/100-gram-combi-bar/","gold-bars"
"product","/products/100-gram-bullion-bar/","gold-bars"
"product","/products/250-gram-gold-bullion-bar/","gold-bars"
"product","/products/10oz-gold-bar/","gold-bars"
"product","/products/500-gram-gold-bullion-bar/","gold-bars"
"product","/products/1-kilo-gold-bullion-bar/","gold-bars"
"product","/products/1-2-gram-gold-bullion/","gold-bars"
"product","/products/5-gram-gold-bullion/","gold-bars"
"product","/products/10-gram-gold-bullion/","gold-bars"
"category","/products-categories/gold-coins/","gold-coins"
"product","/products/tree-of-life/","gold-coins"
"product","/products/south-african-krugerrand/","gold-coins"
"product","/products/canadian-maple-leaf/","gold-coins"
"product","/products/gold-britannia/","gold-coins"
"product","/products/gold-australian-kangaroo/","gold-coins"
"product","/products/american-gold-eagle/","gold-coins"
"product","/products/american-double-eagle/","gold-coins"
"product","/products/american-buffalo/","gold-coins"
"product","/products/sovereign/","gold-coins"
"product","/products/vienna-philharmonic-gold-coin/","gold-coins"
"product","/products/austrian-corona/","gold-coins"
"product","/products/mexican-peso/","gold-coins"
"category","/products-categories/silver/","silver"
"category","/products-categories/silver-bars/","silver-bars"
"product","/products/100-oz-silver-bar/","silver-bars"
"product","/products/1kg-silver-bar/","silver-bars"
"product","/products/1000-oz-silver-bar/","silver-bars"
"category","/products-categories/silver-coins/","silver-coins"
"product","/products/1oz-silver-trees-of-life/","silver-coins"
"product","/products/1oz-silver-krugerrand/","silver-coins"
"product","/products/1oz-silver-britannia/","silver-coins"
"product","/products/1oz-silver-us-eagle/","silver-coins"
"product","/products/1oz-maple-leaf/","silver-coins"
"product","/products/1oz-silver-vienna-philharmonic/","silver-coins"
"product","/products/1kg-australian-koala-silver/","silver-coins"
"product","/products/1kg-kookaburra-silver/","silver-coins"
"category","/products-categories/platinum-palladium/","platinum-palladium"
"category","/products-categories/bars-platinum-palladium/","bars-platinum-palladium"
"product","/products/3393/","bars-platinum-palladium"
"product","/products/1oz-palladium-bar/","bars-platinum-palladium"
"product","/products/100-gram-platinum-bar/","bars-platinum-palladium"
"product","/products/100gram-palladium-bar/","bars-platinum-palladium"
"category","/products-categories/coins-platinum-palladium/","coins-platinum-palladium"
"product","/products/1-oz-canadian-maple-leaf-palladium/","coins-platinum-palladium"
"product","/products/1-oz-american-eagle-platinum/","coins-platinum-palladium"
"product","/products/1-oz-vienna-philharmonic-platinum/","coins-platinum-palladium"
"product","/products/1-oz-canadian-maple-leaf-platinum/","coins-platinum-palladium"
"category","/products-categories/copper/","copper"
"category","/products-categories/copper-bars/","copper-bars"
"product","/products/5kg-copper-bar/","copper-bars"
"product","/products/1kg-copper-bar/","copper-bars"
