"type","old_path","action","new_path","notes"
"page","/locations/","keep","/locations/","Now includes UK and Spain branches"
"page","/locations/cork/","keep","/locations/cork/","Rewritten with branch facts"
"page","/locations/dublin-blanchardstown/","keep","/locations/dublin-blanchardstown/","Rewritten with branch facts"
"page","/locations/dublin-burlington-road/","keep","/locations/dublin-burlington-road/","Rewritten with branch facts"
"page","/enquiry-thank-you/","redirect","/contact/","Becomes a form state"
"page","/contact-thank-you/","redirect","/contact/","Becomes a form state"
"page","/vat-free-silver/","keep","/vat-free-silver/","Promoted, with a worked example"
"page","/cookie-policy/","keep","/cookie-policy/","Same"
"page","/shop/","redirect","/buy/","Replaced by the Buy hub and category pages"
"page","/gold/","redirect","/buy/gold/","Replaced by the gold category page"
"page","/safe-deposit-box/","keep","/safe-deposit-box/","Becomes the Storage page; keeps the URL and its search ranking"
"page","/stock/","redirect","/buy/","Blank page read by an API; find out what reads it before WordPress is retired"
"page","/how-to-buy/","keep","/how-to-buy/","Rewritten"
"page","/sell-gold/","keep","/sell-gold/","Rewritten; covers all metals"
"page","/terms-and-conditions/","keep","/terms-and-conditions/","Text kept, headings and dates added"
"page","/news/","tbd","","Blog decision deferred"
"page","/contact/","keep","/contact/","Rewritten"
"page","/gold-price-chart-ireland/","redirect","/prices/gold/","Own price pages replace the Vimar chart"
"page","/media/","redirect","/about/press/","Merged into About"
"page","/faq/","keep","/faq/","Regrouped by topic"
"page","/buy/","keep","/buy/","Now the Buy hub; the ""why buy gold"" essay moves to /learn/why-buy-gold/"
"page","/about/","keep","/about/","Rewritten"
"page","/","keep","/","Rebuilt"
"page","/privacy-policy/","keep","/privacy-policy/","Same"
"category","/products-categories/gold/","redirect","/buy/gold/","New category path"
"category","/products-categories/gold-bars/","redirect","/buy/gold/bars/","New category path"
"product","/products/valcambi-green-gold-1oz-bar/","keep","/products/valcambi-green-gold-1oz-bar/","URL kept; page rebuilt as a real product page"
"product","/products/merrion-gold-1oz-bar/","keep","/products/merrion-gold-1oz-bar/","URL kept; page rebuilt as a real product page"
"product","/products/scottish-bullion-1oz-bar/","keep","/products/scottish-bullion-1oz-bar/","URL kept; page rebuilt as a real product page"
"product","/products/dublin-assay-office-1oz-bar/","keep","/products/dublin-assay-office-1oz-bar/","URL kept; page rebuilt as a real product page"
"product","/products/valcambi-1oz-gold-bullion-bar/","keep","/products/valcambi-1oz-gold-bullion-bar/","URL kept; page rebuilt as a real product page"
"product","/products/pamp-suisse-1oz-gold-bullion-bar/","keep","/products/pamp-suisse-1oz-gold-bullion-bar/","URL kept; page rebuilt as a real product page"
"product","/products/umicore-1oz-gold-bullion-bar/","keep","/products/umicore-1oz-gold-bullion-bar/","URL kept; page rebuilt as a real product page"
"product","/products/gold-bar-1oz/","keep","/products/gold-bar-1oz/","URL kept; page rebuilt as a real product page"
"product","/products/rcm-royal-canadian-mint-1oz-gold-bullion-bar/","keep","/products/rcm-royal-canadian-mint-1oz-gold-bullion-bar/","URL kept; page rebuilt as a real product page"
"product","/products/republic-metals-corporation-1oz-gold-bar/","keep","/products/republic-metals-corporation-1oz-gold-bar/","URL kept; page rebuilt as a real product page"
"product","/products/50-gram-combi-bar/","keep","/products/50-gram-combi-bar/","URL kept; page rebuilt as a real product page"
"product","/products/50-gram-gold-bullion-bar/","keep","/products/50-gram-gold-bullion-bar/","URL kept; page rebuilt as a real product page"
"product","/products/100-gram-combi-bar/","keep","/products/100-gram-combi-bar/","URL kept; page rebuilt as a real product page"
"product","/products/100-gram-bullion-bar/","keep","/products/100-gram-bullion-bar/","URL kept; page rebuilt as a real product page"
"product","/products/250-gram-gold-bullion-bar/","keep","/products/250-gram-gold-bullion-bar/","URL kept; page rebuilt as a real product page"
"product","/products/10oz-gold-bar/","keep","/products/10oz-gold-bar/","URL kept; page rebuilt as a real product page"
"product","/products/500-gram-gold-bullion-bar/","keep","/products/500-gram-gold-bullion-bar/","URL kept; page rebuilt as a real product page"
"product","/products/1-kilo-gold-bullion-bar/","keep","/products/1-kilo-gold-bullion-bar/","URL kept; page rebuilt as a real product page"
"product","/products/1-2-gram-gold-bullion/","keep","/products/1-2-gram-gold-bullion/","URL kept; page rebuilt as a real product page"
"product","/products/5-gram-gold-bullion/","keep","/products/5-gram-gold-bullion/","URL kept; page rebuilt as a real product page"
"product","/products/10-gram-gold-bullion/","keep","/products/10-gram-gold-bullion/","URL kept; page rebuilt as a real product page"
"category","/products-categories/gold-coins/","redirect","/buy/gold/coins/","New category path"
"product","/products/tree-of-life/","keep","/products/tree-of-life/","URL kept; page rebuilt as a real product page"
"product","/products/south-african-krugerrand/","keep","/products/south-african-krugerrand/","URL kept; page rebuilt as a real product page"
"product","/products/canadian-maple-leaf/","keep","/products/canadian-maple-leaf/","URL kept; page rebuilt as a real product page"
"product","/products/gold-britannia/","keep","/products/gold-britannia/","URL kept; page rebuilt as a real product page"
"product","/products/gold-australian-kangaroo/","keep","/products/gold-australian-kangaroo/","URL kept; page rebuilt as a real product page"
"product","/products/american-gold-eagle/","keep","/products/american-gold-eagle/","URL kept; page rebuilt as a real product page"
"product","/products/american-double-eagle/","keep","/products/american-double-eagle/","URL kept; page rebuilt as a real product page"
"product","/products/american-buffalo/","keep","/products/american-buffalo/","URL kept; page rebuilt as a real product page"
"product","/products/sovereign/","keep","/products/sovereign/","URL kept; page rebuilt as a real product page"
"product","/products/vienna-philharmonic-gold-coin/","keep","/products/vienna-philharmonic-gold-coin/","URL kept; page rebuilt as a real product page"
"product","/products/austrian-corona/","keep","/products/austrian-corona/","URL kept; page rebuilt as a real product page"
"product","/products/mexican-peso/","keep","/products/mexican-peso/","URL kept; page rebuilt as a real product page"
"category","/products-categories/silver/","redirect","/buy/silver/","New category path"
"category","/products-categories/silver-bars/","redirect","/buy/silver/bars/","New category path"
"product","/products/100-oz-silver-bar/","keep","/products/100-oz-silver-bar/","URL kept; page rebuilt as a real product page"
"product","/products/1kg-silver-bar/","keep","/products/1kg-silver-bar/","URL kept; page rebuilt as a real product page"
"product","/products/1000-oz-silver-bar/","keep","/products/1000-oz-silver-bar/","URL kept; page rebuilt as a real product page"
"category","/products-categories/silver-coins/","redirect","/buy/silver/coins/","New category path"
"product","/products/1oz-silver-trees-of-life/","keep","/products/1oz-silver-trees-of-life/","URL kept; page rebuilt as a real product page"
"product","/products/1oz-silver-krugerrand/","keep","/products/1oz-silver-krugerrand/","URL kept; page rebuilt as a real product page"
"product","/products/1oz-silver-britannia/","keep","/products/1oz-silver-britannia/","URL kept; page rebuilt as a real product page"
"product","/products/1oz-silver-us-eagle/","keep","/products/1oz-silver-us-eagle/","URL kept; page rebuilt as a real product page"
"product","/products/1oz-maple-leaf/","keep","/products/1oz-maple-leaf/","URL kept; page rebuilt as a real product page"
"product","/products/1oz-silver-vienna-philharmonic/","keep","/products/1oz-silver-vienna-philharmonic/","URL kept; page rebuilt as a real product page"
"product","/products/1kg-australian-koala-silver/","keep","/products/1kg-australian-koala-silver/","URL kept; page rebuilt as a real product page"
"product","/products/1kg-kookaburra-silver/","keep","/products/1kg-kookaburra-silver/","URL kept; page rebuilt as a real product page"
"category","/products-categories/platinum-palladium/","redirect","/buy/platinum-palladium/","New category path"
"category","/products-categories/bars-platinum-palladium/","redirect","/buy/platinum-palladium/bars/","New category path"
"product","/products/3393/","keep","/products/3393/","URL kept; page rebuilt as a real product page"
"product","/products/1oz-palladium-bar/","keep","/products/1oz-palladium-bar/","URL kept; page rebuilt as a real product page"
"product","/products/100-gram-platinum-bar/","keep","/products/100-gram-platinum-bar/","URL kept; page rebuilt as a real product page"
"product","/products/100gram-palladium-bar/","keep","/products/100gram-palladium-bar/","URL kept; page rebuilt as a real product page"
"category","/products-categories/coins-platinum-palladium/","redirect","/buy/platinum-palladium/coins/","New category path"
"product","/products/1-oz-canadian-maple-leaf-palladium/","keep","/products/1-oz-canadian-maple-leaf-palladium/","URL kept; page rebuilt as a real product page"
"product","/products/1-oz-american-eagle-platinum/","keep","/products/1-oz-american-eagle-platinum/","URL kept; page rebuilt as a real product page"
"product","/products/1-oz-vienna-philharmonic-platinum/","keep","/products/1-oz-vienna-philharmonic-platinum/","URL kept; page rebuilt as a real product page"
"product","/products/1-oz-canadian-maple-leaf-platinum/","keep","/products/1-oz-canadian-maple-leaf-platinum/","URL kept; page rebuilt as a real product page"
"category","/products-categories/copper/","redirect","/buy/copper/","New category path"
"category","/products-categories/copper-bars/","redirect","/buy/copper/bars/","New category path"
"product","/products/5kg-copper-bar/","keep","/products/5kg-copper-bar/","URL kept; page rebuilt as a real product page"
"product","/products/1kg-copper-bar/","keep","/products/1kg-copper-bar/","URL kept; page rebuilt as a real product page"
