type,path,title,published,modified,decision,new_path,notes
"page","/locations/","Locations","2026-05-14","2026-05-14","","",""
"page","/locations/cork/","Cork","2026-04-28","2026-06-08","","",""
"page","/locations/dublin-blanchardstown/","West Dublin (Blanchardstown)","2026-04-28","2026-06-08","","",""
"page","/locations/dublin-burlington-road/","Dublin Burlington Road","2026-04-28","2026-06-08","","",""
"page","/enquiry-thank-you/","Enquiry Thank You","2023-11-08","2023-11-08","","",""
"page","/contact-thank-you/","Contact Thank You","2023-11-08","2023-11-08","","",""
"page","/vat-free-silver/","VAT Free Silver","2021-09-28","2023-02-17","","",""
"page","/cookie-policy/","Cookie policy","2021-09-20","2021-09-20","","",""
"page","/shop/","Shop","2021-07-30","2021-08-02","","",""
"page","/gold/","Buy Gold","2021-07-02","2021-09-20","","",""
"page","/safe-deposit-box/","Safe Deposit Box","2021-04-30","2024-02-08","","",""
"page","/stock/","Stock - DO NOT DELETE - THIS PAGE IS USED BY API FOR PRICES","2021-04-23","2021-04-23","","",""
"page","/how-to-buy/","How To Buy","2021-04-21","2023-02-17","","",""
"page","/sell-gold/","Sell Gold","2021-04-21","2021-09-28","","",""
"page","/terms-and-conditions/","Terms and conditions","2021-04-20","2024-03-05","","",""
"page","/news/","News","2021-04-14","2021-10-06","","",""
"page","/contact/","Contact","2021-04-14","2021-10-06","","",""
"page","/gold-price-chart-ireland/","Chart","2021-04-13","2026-02-20","","",""
"page","/media/","Media","2021-04-13","2024-06-21","","",""
"page","/faq/","FAQ","2021-04-13","2024-06-21","","",""
"page","/buy/","Buy","2021-04-08","2024-06-21","","",""
"page","/about/","About","2021-04-01","2026-09-25","","",""
"page","/","Homepage","2021-03-23","2026-07-02","","",""
"page","/privacy-policy/","Privacy Policy","2021-03-17","2021-09-28","","",""
"post","/16-08-2024-this-week-in-gold/","16/08/2024: This Week in Gold ","2024-08-16","2024-08-16","","",""
"post","/12-08-2024-the-week-ahead-in-gold-silver-markets/","12/08/2024: The Week Ahead in Gold & Silver Markets","2024-08-12","2024-08-12","","",""
"post","/20-06-2024-this-week-in-gold/","21/06/2024: This Week in Gold ","2024-06-21","2024-06-21","","",""
"post","/18-06-2024-the-week-ahead-in-gold-silver-markets/","18/06/2024: The Week Ahead in Gold &#038; Silver Markets: ","2024-06-18","2024-06-18","","",""
"post","/14-06-2024-this-week-in-gold-with-market-updates/","14/06/2024: This Week in Gold with Market Updates: ","2024-06-14","2024-06-14","","",""
"post","/10-06-2024-this-week-in-gold-with-market-updates/","10/06/2024: The Week Ahead in Gold & Silver Markets:","2024-06-10","2024-06-10","","",""
"post","/07-06-2024-this-week-in-gold-with-market-updates/","07/06/2024: This Week in Gold with Market Updates: ","2024-06-07","2024-06-07","","",""
"post","/31-05-2024-this-week-in-gold-with-market-updates/","31/05/2024: This Week in Gold with Market Updates: ","2024-05-31","2024-05-31","","",""
"post","/27-05-2024-the-week-ahead-in-gold-silver-markets/","27/05/2024: The Week Ahead in Gold &#038; Silver Markets: ","2024-05-27","2024-05-27","","",""
"post","/24-05-2024-this-week-in-gold-with-market-updates/","24/05/2024: This Week in Gold with Market Updates: ","2024-05-24","2024-05-24","","",""
"post","/20-05-2024-the-week-ahead-in-gold-silver-markets/","20/05/2024: The Week Ahead in Gold &#038; Silver Markets: ","2024-05-20","2024-05-20","","",""
"post","/17-05-2024-this-week-in-gold-with-market-updates/","17/05/2024: This Week in Gold with Market Updates: ","2024-05-17","2024-05-17","","",""
"post","/13-05-2024-the-week-ahead-in-gold-silver-markets/","13/05/2024: The Week Ahead in Gold &#038; Silver Markets: ","2024-05-13","2024-05-13","","",""
"post","/03-05-2024-this-week-in-gold-with-market-updates/","03/05/2024: This Week in Gold with Market Updates: ","2024-05-03","2024-05-03","","",""
"post","/22-04-2024-the-week-ahead-in-gold-silver-markets/","22/04/2024: The Week Ahead in Gold &#038; Silver Markets: ","2024-04-22","2024-04-22","","",""
"post","/19-04-2024-this-week-in-gold-with-market-updates/","19/04/2024: This Week in Gold with Market Updates: ","2024-04-19","2024-04-19","","",""
"post","/29-03-2024-this-week-in-gold-with-market-updates/","29/03/2024: This Week in Gold with Market Updates: ","2024-03-29","2024-03-29","","",""
"post","/25-03-2024-this-week-ahead-in-gold-silver-markets/","25/03/2024: This Week Ahead in Gold &#038; Silver Markets:","2024-03-25","2024-03-25","","",""
"post","/22-03-2024-this-week-in-gold-with-market-updates/","22/03/2024: This Week in Gold with Market Updates: ","2024-03-22","2024-03-22","","",""
"post","/last-weeks-market-recap-the-week-ahead-in-global-markets/","Last Week’s Market Recap &#038; The Week Ahead in Global Markets: ","2024-03-11","2024-03-11","","",""
"post","/navigating-the-week-ahead-in-financial-markets-how-will-this-weeks-news-events-affect-gold-and-silver/","Navigating the Week Ahead in Gold &#038; Silver Markets:","2024-03-04","2024-03-04","","",""
"post","/01-03-2024-this-week-in-gold/","01/03/2024: This Week in Gold With Market Updates","2024-03-01","2024-03-01","","",""
"post","/navigating-the-week-ahead-insights-for-gold-and-silver-investors/","Navigating the Week Ahead: Insights for Gold and Silver Investors","2024-02-26","2024-02-26","","",""
"post","/23-02-2024-this-week-in-gold/","23/02/2024: This Week in Gold","2024-02-23","2024-02-23","","",""
"post","/when-is-the-best-time-to-invest-in-gold/","When Is the Best Time to Invest in Gold?","2024-02-22","2024-02-22","","",""
"post","/the-symbolism-of-lady-fortuna-pamps-gold-bar-emblem/","The Symbolism of Lady Fortuna: PAMP's Gold Bar Emblem","2024-02-19","2024-02-19","","",""
"post","/16-02-2024-this-week-in-gold-with-market-updates/","16/02/2024: This Week in Gold with Market Updates: ","2024-02-16","2024-02-16","","",""
"post","/09-02-2024-this-week-in-gold-with-market-updates/","09/02/2024: This Week in Gold with Market Updates:","2024-02-09","2024-02-09","","",""
"post","/rare-stock-alert-1987-1oz-gold-britannia-bullion-coin/","Rare Stock Alert: 1987 1oz Gold Britannia","2024-02-08","2024-02-08","","",""
"post","/02-02-2024-this-week-in-gold-with-market-updates/","02/02/2024: This Week in Gold with Market Updates: ","2024-02-02","2024-02-02","","",""
"post","/26-01-2024-this-week-in-gold-with-market-updates/","26/01/2024: This Week in Gold with Market Updates","2024-01-26","2024-01-26","","",""
"post","/19-01-2024-this-week-in-gold-with-market-updates/","19/01/2024: This Week in Gold with Market Updates: ","2024-01-19","2024-01-19","","",""
"post","/12-01-2024-this-week-in-gold-with-market-updates/","12/01/2024: This Week in Gold with Market Updates: ","2024-01-12","2024-01-12","","",""
"post","/22-12-2023-this-week-in-gold-with-market-updates/","22/12/2023: This Week in Gold with Market Updates: ","2023-12-22","2023-12-22","","",""
"post","/11-12-2023-weekly-market-outlook/","11/12/2023: Weekly Market Outlook","2023-12-11","2023-12-11","","",""
"post","/01-12-2023-this-week-in-gold-with-market-updates/","01/12/2023: This Week in Gold with Market Updates","2023-12-01","2023-12-01","","",""
"post","/24-11-2023-this-week-in-gold-with-market-updates/","24/11/2023: This Week in Gold with Market Updates","2023-11-24","2023-11-24","","",""
"post","/17-11-2023-this-week-in-gold-with-market-updates/","17/11/2023: This Week in Gold with Market Updates","2023-11-17","2023-11-17","","",""
"post","/03-11-2023-this-week-in-gold-with-market-updates/","03/11/2023: This Week in Gold with Market Updates: ","2023-11-03","2023-11-03","","",""
"post","/27-10-2023-this-week-in-gold-with-market-updates/","27/10/2023: This Week in Gold with Market Updates","2023-10-27","2023-10-27","","",""
"post","/20-10-2023-this-week-in-gold/","20/10/2023: This Week in Gold","2023-10-20","2023-10-26","","",""
"post","/13-10-2023-this-week-in-gold/","13/10/2023: This Week in Gold:","2023-10-13","2023-10-13","","",""
"post","/06-10-2023-this-week-in-gold-with-market-updates/","06/10/2023: This Week in Gold with Market Updates: ","2023-10-06","2023-10-06","","",""
"post","/gold-and-portfolio-diversification/","Gold and Portfolio Diversification: ","2023-10-04","2023-10-04","","",""
"post","/29-09-2023-this-week-in-gold-w-market-updates/","29/09/2023: This Week in Gold w/Market Updates: ","2023-09-29","2024-09-24","","",""
"post","/22-09-2023-this-week-in-gold-with-market-updates/","22/09/2023: This Week in Gold with Market Updates: ","2023-09-22","2023-09-22","","",""
"post","/coin-review-gold-south-african-krugerrand/","Coin Review: South African Krugerrand","2023-09-21","2023-09-21","","",""
"post","/15-09-2023-this-week-in-gold-w-market-updates/","15/09/2023: This Week in Gold w/ Market Updates: ","2023-09-15","2023-09-15","","",""
"post","/gold-and-geopolitics-how-do-global-events-affect-price/","Gold and Geopolitics: How Do Global Events Affect Price? ","2023-09-12","2023-09-12","","",""
"post","/gold-and-currency-depreciation-exploring-links-between-weak-currencies-and-precious-metal-demand/","Gold and Currency Depreciation: Exploring Links Between Weak Currencies and Precious Metal Demand","2023-08-28","2023-08-28","","",""
"post","/25-08-2023-this-week-in-gold-with-market-updates/","<strong>25/08/2023: This Week in&nbsp; Gold with Market Updates</strong>","2023-08-25","2023-08-25","","",""
"post","/new-coin-2023-1oz-silver-trees-of-life/","NEW COIN: 2023 1oz Silver Trees of Life","2023-08-23","2023-08-23","","",""
"post","/18-08-2023-this-week-in-gold-with-market-updates/","<strong>18/08/2023: This Week in Gold with Market Updates</strong>","2023-08-18","2023-08-18","","",""
"post","/28-07-2023-this-week-in-gold-with-market-updates/","28/07/2023: This Week in Gold with Market Updates","2023-07-28","2024-09-24","","",""
"post","/precious-metals-h1-performance/","<strong>Precious Metals H1 Performance: </strong>","2023-07-28","2023-07-28","","",""
"post","/21-07-2023-this-week-in-gold-with-market-updates/","<strong>21/07/2023: This Week in Gold with Market Updates</strong>","2023-07-21","2023-07-21","","",""
"post","/the-american-buffalo-coin-review/","The American Buffalo: Gold Coin Review","2023-07-18","2023-07-18","","",""
"post","/14-07-2023-this-week-in-gold-with-market-update/","<strong>14/07/2023: This Week in Gold with Market Update</strong>","2023-07-14","2023-07-14","","",""
"post","/07-07-2023-this-week-in-gold-with-market-update/","07/07/2023: This Week in Gold with Market Update","2023-07-07","2023-07-07","","",""
"post","/5-reasons-to-add-precious-metals-to-your-investment-portfolio/","5 Reasons to Add Precious Metals to Your Investment Portfolio","2023-07-05","2023-07-05","","",""
"post","/30-06-2023-this-week-in-gold-with-a-market-update/","<strong>30/06/2023: This Week in Gold with a Market Update</strong>","2023-06-30","2023-06-30","","",""
"post","/23-06-2023-this-week-in-gold-with-market-update/","<strong>23/06/2023: This Week in Gold with Market Update</strong>","2023-06-23","2023-06-23","","",""
"post","/why-is-the-cost-of-physical-gold-higher-than-the-spot-price/","<strong>Why is the Cost of Physical Gold Higher than the Spot Price?</strong>","2023-06-21","2023-06-21","","",""
"post","/16-06-2023-this-week-in-gold-with-weekly-update/","<strong>16/06/2023: This Week in Gold with Weekly Update</strong>","2023-06-16","2023-06-16","","",""
"post","/the-gold-to-silver-ratio-explained-a-guide-for-investors/","<strong>The Gold to Silver Ratio Explained: A Guide for Investors</strong>","2023-06-14","2023-06-14","","",""
"post","/09-06-2023-this-week-in-gold-w-weekly-update/","09/06/2023 - This Week in Gold w/Weekly Update","2023-06-09","2023-06-09","","",""
"post","/why-is-gold-more-expensive-than-silver/","Why is Gold More Expensive than Silver?","2023-06-08","2023-06-08","","",""
"post","/02-06-2023-this-week-in-gold-with-financial-news-update/","02/06/2023 - This Week in Gold with Financial News Update","2023-06-02","2023-06-02","","",""
"post","/26-05-2023-this-week-in-gold-with-u-s-debt-ceiling-update/","26/05/2023 - This Week in Gold with U.S. Debt Ceiling Update","2023-05-26","2023-05-26","","",""
"post","/14-04-2023-this-week-in-gold/","14/04/2023 - This Week in Gold","2023-04-14","2024-09-24","","",""
"post","/fed-hikes-as-expected-gold-remains-resilient/","FED hikes as expected, Gold remains resilient","2023-02-08","2023-05-24","","",""
"post","/2022-market-recap-a-year-in-gold/","2022 Market Recap: A Year in Gold","2023-01-20","2023-05-24","","",""
"post","/a-closer-look-at-the-britannia-coin/","A closer look at the Britannia Coin","2022-12-16","2023-01-03","","",""
"post","/09-12-2022-this-week-in-gold/","09/12/2022 - This Week in Gold","2022-12-09","2023-01-03","","",""
"post","/19-08-2022-this-week-in-gold/","19/08/2022 - This Week in Gold","2022-08-22","2023-01-03","","",""
"post","/a-closer-look-at-interest-rates/","A closer look at Interest Rates","2022-07-29","2023-01-03","","",""
"post","/a-closer-look-at-copper/","A closer look at Copper","2022-07-27","2023-01-03","","",""
"post","/15-07-2022-this-week-in-gold/","15/07/2022 - This Week in Gold","2022-07-15","2023-01-03","","",""
"post","/an-unsettled-consumer-somewhat-reassuring-fed-speak/","An Unsettled Consumer &#038; Somewhat reassuring FED speak","2022-07-04","2023-01-03","","",""
"post","/gold-resilient-as-central-banks-race-to-hike-rates/","Gold resilient as Central Banks race to hike rates","2022-06-22","2022-07-18","","",""
"post","/13-05-2022-this-week-in-gold/","13/05/2022 – This Week in Gold","2022-05-13","2022-07-18","","",""
"post","/29-04-2022-this-week-in-gold/","29/04/2022 – This Week in Gold","2022-04-29","2022-07-18","","",""
"post","/22-04-2022-this-week-in-gold/","22/04/2022 – This Week in Gold","2022-04-22","2022-07-18","","",""
"post","/4664-2/","01/04/2022 – This Week in Gold","2022-04-04","2022-07-18","","",""
"post","/the-driving-forces-behind-the-recent-rally-in-precious-metals/","The driving forces behind the recent rally in Precious Metals","2022-03-28","2022-07-18","","",""
"post","/25-02-2022-this-week-in-gold/","25/02/2022 - This Week in Gold","2022-02-25","2024-09-24","","",""
"post","/the-south-african-krugerrand-the-worlds-first-bullion-coin/","The South African Krugerrand - The world’s first bullion coin","2022-02-21","2022-07-18","","",""
"post","/18-02-2022-this-week-in-gold/","18/02/2022 - This Week in Gold","2022-02-18","2022-07-18","","",""
"post","/11-02-2022-this-week-in-gold/","11/02/2022 - This Week in Gold","2022-02-11","2022-07-18","","",""
"post","/this-week-in-gold-04-02-2022/","This Week in Gold – 04/02/2022","2022-02-04","2022-07-18","","",""
"post","/uk-inflation-boe-rate-decision/","UK Inflation &#038; BOE Rate Decision","2022-02-03","2022-07-18","","",""
"post","/this-week-in-gold-14-01-2022/","This Week in Gold – 14/01/2022","2022-01-14","2022-07-18","","",""
"post","/the-central-bank-of-ireland-buys-gold/","The Central Bank of Ireland Buys Gold","2021-12-02","2022-07-18","","",""
"post","/this-week-in-gold-05-11-2021/","This week in Gold – 05/11/2021","2021-11-05","2024-09-24","","",""
"post","/this-week-in-gold-22-10-2021/","This Week in Gold – 22/10/2021","2021-10-22","2022-07-18","","",""
"post","/this-week-in-gold-15-10-2021/","This week in Gold – 15/10/2021","2021-10-15","2022-07-18","","",""
"post","/08-10-2021-this-week-in-gold/","08/10/2021 – This Week in Gold","2021-10-08","2022-07-18","","",""
"post","/10-09-2021-this-week-in-gold/","10/09/2021 – This week in Gold","2021-09-10","2022-07-18","","",""
"post","/rising-inflation-precious-metals/","Rising Inflation &#038; Precious Metals","2021-09-07","2022-07-18","","",""
"post","/03-09-2021-this-week-in-gold/","03/09/2021 – This Week in Gold","2021-09-03","2024-09-24","","",""
"post","/this-week-in-gold-27-08-2021/","This Week in Gold – 27/08/2021","2021-08-27","2022-07-18","","",""
"post","/bitcoin-gold-rally-as-markets-eye-jackson-hole-meeting/","Bitcoin &#038; Gold Rally as Markets Eye Jackson Hole Meeting","2021-08-24","2022-07-18","","",""
"post","/20-08-2021-this-week-in-gold/","20/08/2021 This Week in Gold","2021-08-20","2022-07-18","","",""
"post","/13-08-2021-this-week-in-gold/","13/08/2021 – This Week in Gold","2021-08-13","2022-07-18","","",""
"post","/06-08-2021-this-week-in-gold/","06/08/2021 – This Week in Gold","2021-06-06","2022-07-18","","",""
"post","/22-01-2021-this-week-in-gold/","22/01/2021 - This Week in Gold","2021-01-22","2022-07-18","","",""
"post","/15-01-2021-this-week-in-gold/","15/01/2021 - This Week in Gold","2021-01-15","2022-07-18","","",""
"post","/11-12-2020-this-week-in-gold/","11/12/2020 - This Week in Gold","2020-12-11","2022-07-18","","",""
"post","/brexit-deal-and-gold/","Brexit Deal and Gold","2020-12-10","2022-07-18","","",""
"post","/04-12-2020-this-week-in-gold/","04/12/2020 - This Week in Gold","2020-12-04","2022-07-18","","",""
"post","/27-11-2020-this-week-in-gold/","27/11/2020 - This Week in Gold","2020-11-27","2022-07-18","","",""
"post","/the-american-buffalo-merrion-gold-guide-to-coins/","The American Buffalo - Merrion Gold Guide to Coins","2020-11-24","2022-07-18","","",""
"post","/20-11-2020-this-week-in-gold/","20/11/2020 - This Week in Gold","2020-11-20","2022-07-18","","",""
"post","/the-american-eagle-merrion-gold-guide-to-coin/","The American Eagle - Merrion Gold Guide to Coins","2020-11-19","2022-07-18","","",""
"post","/13-11-2020-this-week-in-gold/","13/11/2020 - This Week in Gold","2020-11-13","2022-07-18","","",""
"post","/the-austrian-philharmonic-merrion-gold-guide-to-coins/","The Austrian Philharmonic - Merrion Gold Guide to Coins","2020-11-11","2022-07-18","","",""
"post","/06-11-2020-this-week-in-gold/","06/11/2020 - This Week in Gold","2020-11-06","2022-07-18","","",""
"post","/30-10-2020-this-week-in-gold/","30/10/2020 - This Week in Gold","2020-10-30","2022-07-18","","",""
"post","/23-10-2020-this-week-in-gold/","23/10/2020 - This Week in Gold","2020-10-23","2023-03-03","","",""
"post","/the-britannia-merrion-gold-guide-to-coins/","The Britannia - Merrion Gold Guide to Coins","2020-10-22","2022-07-18","","",""
"post","/16-10-2020-this-week-in-gold/","16/10/2020 - This Week in Gold","2020-10-16","2022-07-18","","",""
"post","/the-canadian-maple-leaf-merrion-gold-guide-to-coins/","The Canadian Maple Leaf - Merrion Gold Guide to Coins","2020-10-15","2024-09-24","","",""
"post","/09-10-2020-this-week-in-gold/","09/10/2020 - This Week in Gold","2020-10-09","2022-07-18","","",""
"post","/the-krugerrand-merrion-gold-guide-to-coins/","The Krugerrand - Merrion Gold Guide to Coins","2020-10-08","2022-07-18","","",""
"post","/02-10-2020-this-week-in-gold/","02/10/2020 - This Week in Gold","2020-10-02","2024-09-24","","",""
"post","/25-09-2020-this-week-in-gold/","25/09/2020 - This Week in Gold","2020-09-25","2022-07-18","","",""
"post","/this-week-in-gold-11-09-2020/","This Week in Gold - 11/09/2020","2020-09-11","2022-07-18","","",""
"post","/this-week-in-gold-2/","This Week in Gold","2020-09-04","2022-07-18","","",""
"post","/gold-rallies-on-weakened-dollar/","Gold Rallies on Weakened Dollar","2020-08-31","2022-07-18","","",""
"post","/this-week-in-gold-21-august/","This Week in Gold - 21 August","2020-08-21","2022-07-18","","",""
"post","/increase-in-safe-deposit-box-gold-bullion-demand/","Increase in Safe Deposit Box &#038; Gold Bullion Demand","2019-01-03","2022-07-18","","",""
"post","/impact-of-brexit-on-demand-for-safe-deposit-boxes-and-gold-bullion/","Impact of Brexit on demand for Safe Deposit Boxes and Gold Bullion","2018-12-17","2022-07-18","","",""
"post","/i-slid-from-oil-into-a-glittering-career-of-gems-vaults-and-gold/","I slid from oil into a glittering career of gems, vaults and gold","2018-02-12","2022-07-18","","",""
"post","/gold-price-rising-the-perfect-storm/","Gold price rising&#8230;..The Perfect Storm?","2017-04-13","2022-07-18","","",""
"post","/how-to-buy-and-store-gold-bullion-in-ireland/","How to Buy and Store Gold Bullion in Ireland","2017-02-22","2022-07-18","","",""
"post","/brexit-vote-sparks-rush-to-secure-gold-and-cash-in-dublin/","Brexit vote sparks rush to secure gold and cash in Dublin","2016-06-28","2022-07-18","","",""
"post","/gold-coins-v-gold-bars/","Gold Coins V Gold Bars","2016-03-11","2022-07-18","","",""
"post","/advice-on-when-to-buy-gold/","Advice On When To Buy Gold","2015-10-01","2022-07-18","","",""
"post","/the-history-of-gold-investment/","The History of Gold Investment","2015-09-07","2022-07-18","","",""
"post","/how-to-buy-gold/","How to Buy Gold","2015-08-10","2022-07-18","","",""
"post","/gold-v-shares-which-is-the-wiser-option-for-investors/","Gold V Shares&#8230; Which Is The Wiser Option For Investors?","2015-08-07","2022-07-18","","",""
"post","/kruggerand-coins/","Kruggerand Coins","2015-05-18","2023-09-29","","",""
"post","/the-gold-bar/","The Gold Bar","2015-05-13","2022-07-18","","",""
"post","/the-gold-market-and-spot-cost/","The Gold Market and Spot Cost","2015-05-11","2022-07-18","","",""
"post","/understanding-the-gold-market/","Understanding the Gold Market","2015-05-05","2022-07-18","","",""
"post","/gold-coins/","Gold Coins","2015-05-01","2022-07-18","","",""
"post","/why-invest-in-gold/","Why Invest In Gold?","2015-03-31","2022-07-18","","",""
